,Service Request#,Incident Date,BLDG#,Street,Boro,Zip,Cross Streets,Cleaning Methods,San Dist,CB,Precinct,Council Dist,City Owned,xcoord,ycoord,On Roll Down Gate,Cherry Picker,Above 3rd Floor,LM,lon,lat,Factor,cluster
0,G51871,4/6/2010,1324,HANCOCK STREET,BROOKLYN,11237,KNICKERBOCKER AVENUE / IRVING AVENUE,,304,4,83,37,False,1009468,192143,No,No,No,False,-73.9090606217,40.6940289534,1.02530054517,12
1,G84575,3/20/2012,120,AVENUE M,BROOKLYN,11230,MC DONALD AVENUE / EAST    2 STREET,,312,12,66,44,False,991516,163791,No,No,No,False,-73.9738283999,40.6162418704,1.25365544147,3
2,G137055,8/18/2015,3305,3 AVENUE,BRONX,10456,EAST 164 STREET / WEIHER COURT,,203,3,42,16,False,1009624,240185,No,No,No,False,-73.9083167391,40.8258913839,1.12116965616,17
3,G137126,8/20/2015,1704,BATH AVENUE,BROOKLYN,11214,17 AVENUE / BAY   16 STREET,,311,11,62,43,False,981924,159660,No,No,No,False,-74.0083766591,40.6049057985,1.11318056357,3
4,G137328,8/27/2015,709,53 STREET,BROOKLYN,11220,7 AVENUE / 8 AVENUE,,307,7,72,38,False,982275,172705,No,No,No,False,-74.0071164141,40.6407116819,1.2659719592,10
5,G137329,8/27/2015,464,53 STREET,BROOKLYN,11220,4 AVENUE / 5 AVENUE,,307,7,72,38,False,980687,173762,Yes,No,No,False,-74.0128389294,40.6436124235,1.2659719592,10
6,G137330,8/27/2015,466,53 STREET,BROOKLYN,11220,4 AVENUE / 5 AVENUE,,307,7,72,38,False,980718,173737,No,No,No,False,-74.0127272108,40.6435438163,1.2659719592,10
7,G137336,8/27/2015,262,WEST   15 STREET,MANHATTAN,10011,7 AVENUE / 8 AVENUE,,104,4,10,3,False,983746,208964,No,No,No,False,-74.0018187494,40.7402344778,0.991679780554,6
8,G137339,8/27/2015,165,MERCER STREET,MANHATTAN,10012,PRINCE STREET / WEST HOUSTON STREET,,102,2,1,1,False,984764,203606,No,No,No,False,-73.9981455736,40.7255280837,0.976034474248,6
9,G137340,8/27/2015,10,LIBERTY STREET,MANHATTAN,10005,GOLD STREET / WILLIAM STREET,,101,1,1,1,False,981978,196988,No,No,No,False,-74.008194764,40.7073629825,0.765987915111,6
10,G137341,8/27/2015,837,EAST   49 STREET,BROOKLYN,11203,AVENUE D / FOSTER AVENUE,,317,17,67,45,False,1003690,172811,No,No,No,False,-73.9299525756,40.6409815152,1.70936659751,26
11,G137343,8/27/2015,936,SENECA AVENUE,QUEENS,11385,HANCOCK STREET / WEIRFIELD STREET,,405,5,104,34,False,1011084,194277,No,No,Yes,False,-73.903224619,40.6998815311,1.20172633969,12
12,G137345,8/27/2015,442,GRAND STREET,BROOKLYN,11211,KEAP STREET / GRAND ST EXTENSION,,301,1,90,34,False,997291,198347,No,No,No,False,-73.9529604365,40.7110837964,1.25565271462,8
13,G137347,8/27/2015,883,LEXINGTON AVENUE,BROOKLYN,11221,PATCHEN AVENUE / BEND,,303,3,81,41,False,1004919,190976,Yes,No,No,False,-73.9254684775,40.6908376024,1.33720803473,28
14,G137354,8/27/2015,43,ESSEX STREET,MANHATTAN,10002,HESTER STREET / GRAND STREET,,103,3,7,1,False,987119,200269,Yes,No,No,False,-73.9896505481,40.7163683735,1.19906330883,6
15,G137356,8/27/2015,504,GRAND STREET,MANHATTAN,10002,EAST BROADWAY / COLUMBIA STREET,,103,3,7,1,False,989287,199791,Yes,No,No,False,-73.9818301978,40.7150554092,1.19906330883,6
16,G137357,8/27/2015,92,RIVINGTON STREET,MANHATTAN,10002,ORCHARD STREET / LUDLOW STREET,,103,3,7,1,False,987394,201719,Yes,No,No,False,-73.988657853,40.7203481816,1.19906330883,6
17,G137363,8/28/2015,2071,BATHGATE AVENUE,BRONX,10457,EAST  179 STREET / EAST  180 STREET,,206,6,48,15,False,1013200,249193,No,No,No,False,-73.8953567941,40.850604714,1.14879860133,5
18,G137364,8/28/2015,176,BORINQUEN PLACE,BROOKLYN,11211,KEAP STREET / SOUTH    1 STREET,,301,1,90,34,False,997229,198141,Yes,No,No,False,-73.9531844708,40.7105184666,1.25565271462,8
19,G137366,8/28/2015,50,BOWERY,MANHATTAN,10013,MANHATTAN BRIDGE / CANAL STREET,,103,3,5,1,False,985129,200132,No,No,No,False,-73.996829168,40.7159927628,1.04127873033,6
20,G137369,8/28/2015,94,JOHN STREET,STATEN ISLAND,10302,RICHMOND TERRACE / BEND,,501,1,121,49,False,944417,171226,No,No,No,False,-74.1435193031,40.6365627974,0.795281254579,27
21,G137370,8/28/2015,912,MANHATTAN AVENUE,BROOKLYN,11222,GREENPOINT AVENUE / KENT STREET,,301,1,94,33,False,996994,205462,No,No,No,False,-73.954018259,40.7306131853,0.936089011338,8
22,G137371,8/28/2015,6719,13 AVENUE,BROOKLYN,11219,67 STREET / OVINGTON AVENUE,,310,10,68,43,False,983450,166718,Yes,No,No,False,-74.0028818884,40.6242788191,1.1011969247,3
23,G137374,8/28/2015,4322,8 AVENUE,BROOKLYN,11232,43 STREET / 44 STREET,,307,7,72,38,False,984168,174172,Yes,No,No,False,-74.0002954841,40.6447385015,0.999335994279,10
24,G137383,8/28/2015,768,40 STREET,BROOKLYN,11232,7 AVENUE / 8 AVENUE,,307,7,72,38,False,984701,174931,Yes,No,No,False,-73.9983747865,40.6468217816,0.999335994279,10
25,G137387,8/29/2015,47-27,21 STREET,QUEENS,11101,JACKSON AVENUE / 47 ROAD,,402,2,108,26,False,998943,210185,No,No,No,False,-73.9469757409,40.7435736271,1.33487788273,8
26,G137389,8/29/2015,1734,AMSTERDAM AVENUE,MANHATTAN,10031,WEST  145 STREET / WEST  146 STREET,,109,9,30,7,False,998792,240187,Yes,No,No,False,-73.9474557257,40.825921349,0.941747951917,17
27,G137390,8/29/2015,3426,BROADWAY,MANHATTAN,10031,WEST  139 STREET / WEST  140 STREET,,109,9,30,7,False,997342,239000,No,No,No,False,-73.9526972923,40.8226656396,0.941747951917,17
28,G137391,8/29/2015,3656,BROADWAY,MANHATTAN,10031,WEST  150 STREET / WEST  151 STREET,,109,9,30,7,False,998815,241659,No,No,No,False,-73.9473694247,40.82996153,0.941747951917,17
29,G137392,8/29/2015,550,WEST  153 STREET,MANHATTAN,10031,AMSTERDAM AVENUE / BROADWAY,,109,9,30,7,False,999068,242114,No,No,No,False,-73.9464542053,40.8312099534,0.941747951917,17
30,G137395,8/30/2015,423,HUMBOLDT STREET,BROOKLYN,11211,JACKSON STREET / WITHERS STREET,,301,1,94,34,False,999975,200486,Yes,No,No,False,-73.9432741154,40.7169504765,1.25565271462,8
31,G137399,8/30/2015,1120,BUSHWICK AVENUE,BROOKLYN,11221,WOODBINE STREET / MADISON STREET,,304,4,83,34,False,1006773,190502,No,No,No,False,-73.9187846218,40.6895320581,1.33720803473,28
32,G137401,8/31/2015,1054,BUSHWICK AVENUE,BROOKLYN,11221,GATES AVENUE / PALMETTO STREET,,304,4,83,34,False,1006224,190816,No,No,No,False,-73.9207632281,40.6903952956,1.33720803473,28
33,G137406,8/31/2015,175,WEST   94 STREET,MANHATTAN,10025,COLUMBUS AVENUE / AMSTERDAM AVENUE,,107,7,24,6,False,992406,228133,No,No,No,False,-73.9705447558,40.7928446677,1.00399629829,13
34,G137408,8/31/2015,2011,EMMONS AVENUE,BROOKLYN,11235,OCEAN AVENUE / EAST   21 STREET,,315,15,61,48,False,998753,152075,No,No,No,False,-73.9477864142,40.5840749406,1.1254970813,11
35,G137410,8/31/2015,1490,BEDFORD AVENUE,BROOKLYN,11216,STERLING PLACE / ST JOHNS PLACE,,308,8,77,35,False,996795,184252,No,No,No,False,-73.954775782,40.6723969975,1.27096514207,21
36,G137416,8/31/2015,59,VAN DAM STREET,BROOKLYN,11222,NASSAU AVENUE / BRIDGEWATER STREET,,301,1,94,33,False,1001602,204110,Yes,No,No,False,-73.937395584,40.7268944369,0.936089011338,8
37,G137417,8/31/2015,221,SEAMAN AVENUE,MANHATTAN,10034,WEST  214 STREET / WEST  215 STREET,,112,12,34,7,False,1006724,256553,No,No,No,False,-73.9187403694,40.8708245482,0.903466883294,17
38,G137418,8/31/2015,92-04,DITMARS BOULEVARD,QUEENS,11369,92 STREET / 93 STREET,,403,3,115,21,False,1017955,219804,No,No,No,False,-73.8783168699,40.7699232799,0.939084921056,25
39,G137420,8/31/2015,18,GROVE STREET,MANHATTAN,10014,GROVE COURT / BEDFORD STREET,,102,2,6,3,False,982732,206065,No,No,No,False,-74.005477246,40.7322773229,0.896809306142,6
40,G137421,8/31/2015,640,RHINELANDER AVENUE,BRONX,10462,UNIONPORT ROAD / AMETHYST STREET,,211,11,49,15,False,1020584,247843,No,No,No,False,-73.8686738027,40.8468720685,1.0179772103,20
41,G137423,8/31/2015,405,5 AVENUE,BROOKLYN,11215,7 STREET / 8 STREET,,306,6,78,39,False,988365,183409,Yes,No,No,False,-73.9851661048,40.6700910834,1.0682419178,23
42,G137425,8/31/2015,2286,FLATBUSH AVENUE,BROOKLYN,11234,FILLMORE AVENUE / EAST   49 STREET,,318,18,63,46,False,1004342,162924,Yes,No,No,False,-73.9276326809,40.6138423339,1.31024484726,24
43,G137427,8/31/2015,1142,BEDFORD AVENUE,BROOKLYN,11216,GATES AVENUE / MONROE STREET,,303,3,79,36,False,996846,188932,No,No,Yes,False,-73.9545831818,40.6852424638,1.27096514207,21
44,G137428,8/31/2015,214,CLIFTON PLACE,BROOKLYN,11216,FRANKLIN AVENUE / BEDFORD AVENUE,,303,3,79,36,False,996499,190077,Yes,No,No,False,-73.9558322619,40.6883857131,1.27096514207,21
45,G137431,8/31/2015,4306,8 AVENUE,BROOKLYN,11232,43 STREET / 44 STREET,,307,7,72,38,False,984234,174272,Yes,No,No,False,-74.0000576557,40.6450129803,0.999335994279,10
46,G137433,8/31/2015,239,LENOX AVENUE,MANHATTAN,10027,WEST  121 STREET / WEST  122 STREET,,110,10,28,9,False,998833,232892,Yes,No,No,False,-73.9473234322,40.8058985533,1.08954616468,13
47,G137439,8/31/2015,92-21,215 PLACE,QUEENS,11428,92 AVENUE / 92 ROAD,,413,13,105,23,False,1055543,202240,Yes,No,No,False,-73.7428019348,40.721491484,0.882495515266,1
48,G137440,8/31/2015,92-25,215 PLACE,QUEENS,11428,92 AVENUE / 92 ROAD,,413,13,105,23,False,1055568,202209,Yes,No,No,False,-73.7427120733,40.7214061953,0.882495515266,1
49,G137441,8/31/2015,92-27,215 PLACE,QUEENS,11428,92 AVENUE / 92 ROAD,Paint White ; Powerwash; ,413,13,105,23,False,1055581,202193,Yes,No,No,False,-73.7426653442,40.7213621746,0.882495515266,1
50,G137449,9/1/2015,55,EAST HOUSTON STREET,MANHATTAN,10012,MULBERRY STREET / MOTT STREET,,102,2,5,1,False,985779,203229,No,No,No,False,-73.9944837082,40.724493193,0.976034474248,6
51,G137450,9/1/2015,1094,STANLEY AVENUE,BROOKLYN,11208,EUCLID AVENUE / PINE STREET,,305,5,75,42,False,1020534,181571,No,No,No,False,-73.8692121623,40.664972791,1.48999943036,4
52,G137451,9/1/2015,2118,VALENTINE AVENUE,BRONX,10457,EAST  180 STREET / EAST  181 STREET,,205,5,46,15,False,1012127,250244,No,No,No,False,-73.8992309061,40.8534928481,1.14879860133,5
53,G137453,9/1/2015,84-02,51 AVENUE,QUEENS,11373,POYER STREET / REEDER STREET,,404,4,110,25,False,1017788,208233,No,No,No,False,-73.8789774934,40.7381644889,1.12017101958,25
54,G137457,9/1/2015,646,55 STREET,BROOKLYN,11220,6 AVENUE / 7 AVENUE,,307,7,72,38,False,981463,172481,No,No,No,False,-74.0100421586,40.6400966316,1.2659719592,10
55,G137458,9/1/2015,648,55 STREET,BROOKLYN,11220,6 AVENUE / 7 AVENUE,,307,7,72,38,False,981482,172467,No,No,No,False,-74.0099736918,40.6400582105,1.2659719592,10
56,G137459,9/1/2015,2241,SOUTHERN BOULEVARD,BRONX,10460,EAST  182 STREET / CROTONA PARKWAY,,206,6,48,15,False,1016498,248666,No,No,No,False,-73.8834383304,40.8491468268,1.12250117159,20
57,G137460,9/1/2015,5502,5 AVENUE,BROOKLYN,11220,55 STREET / 56 STREET,,307,7,72,38,False,980483,173307,Yes,No,No,False,-74.0135737698,40.6423634619,1.2659719592,10
58,G137461,9/1/2015,6014,7 AVENUE,BROOKLYN,11220,60 STREET / 61 STREET,,307,7,72,38,False,980827,171223,No,No,No,False,-74.0123331647,40.6366434673,1.2659719592,10
59,G137463,9/1/2015,1183,72 STREET,BROOKLYN,11228,11 AVENUE / 12 AVENUE,,310,10,68,43,False,982083,166472,No,No,No,False,-74.0078062362,40.6236033717,0.981027657112,3
60,G137465,9/1/2015,121-31,234 STREET,QUEENS,11422,121 AVENUE / 128 AVENUE,,413,13,105,31,False,1058733,188536,No,No,No,False,-73.7314452657,40.6838511133,1.11251480586,1
61,G137473,9/1/2015,36-01,43 AVENUE,QUEENS,11101,36 STREET / 37 STREET,,402,2,108,26,False,1004146,211226,No,No,No,False,-73.9281960254,40.7464207354,1.33487788273,2
62,G137474,9/1/2015,125,7 AVENUE,MANHATTAN,10011,WEST   17 STREET / WEST   18 STREET,,104,4,13,3,False,984849,209071,Yes,No,No,False,-73.9978384212,40.7405281602,0.991679780554,6
63,G137475,9/2/2015,3300,CONEY ISLAND AVENUE,BROOKLYN,11235,BRIGHTWATER COURT / BOARDWALK EAST,,313,13,60,48,False,995348,148960,No,No,No,False,-73.9600501809,40.5755297982,1.1254970813,11
64,G137481,9/2/2015,23-71,33 STREET,QUEENS,11105,23 ROAD / 24 AVENUE,,401,1,114,22,False,1008230,220516,No,No,No,False,-73.9134238833,40.7719092632,0.872842028396,2
65,G137483,9/2/2015,46,WEST  125 STREET,MANHATTAN,10027,5 AVENUE / LENOX AVENUE,,110,10,28,9,False,999723,233251,Yes,No,No,False,-73.9441077565,40.8068823953,1.08954616468,13
66,G137486,9/2/2015,2315,AVENUE X,BROOKLYN,11235,EAST   23 STREET / EAST   24 STREET,,315,15,61,48,False,999066,155439,Yes,No,No,False,-73.9466521786,40.5933079297,1.1254970813,11
67,G137487,9/2/2015,1217,BEDFORD AVENUE,BROOKLYN,11216,HANCOCK STREET / HALSEY STREET,,303,3,79,36,False,997214,187622,No,No,No,False,-73.9532588218,40.6816462816,1.27096514207,21
68,G137488,9/2/2015,16,HOWARD AVENUE,BROOKLYN,11221,MONROE STREET / MADISON STREET,,303,3,81,41,False,1006067,190027,No,No,No,False,-73.9213319144,40.6882300613,1.33720803473,28
69,G137490,9/2/2015,284A,9 STREET,BROOKLYN,11215,4 AVENUE / 5 AVENUE,,306,6,78,39,False,987671,183214,Yes,No,No,False,-73.987667959,40.6695561474,1.0682419178,23
70,G137493,9/2/2015,3163,BROADWAY,MANHATTAN,10027,LA SALLE STREET / TIEMANN PLACE,,109,9,26,9,False,995517,236210,Yes,No,No,False,-73.9592958833,40.815010392,1.08954616468,13
71,G137494,9/2/2015,445,WEST  125 STREET,MANHATTAN,10027,BEND / AMSTERDAM AVENUE,,109,9,26,7,False,996626,235386,Yes,No,No,False,-73.9552909362,40.8127472583,1.08954616468,13
72,G137500,9/3/2015,134,BEACH  129 STREET,QUEENS,11694,OCEAN PROMENADE / ROCKAWAY BEACH BOULEVARD,,414,14,100,32,False,1026847,148511,No,No,No,False,-73.8466652166,40.5742019957,0.801938831731,19
73,G137501,9/3/2015,546,THIRD AVENUE,BROOKLYN,11215,13 STREET / 14 STREET,,306,6,78,39,False,986016,182911,No,No,Yes,False,-73.9936339921,40.6687249648,1.0682419178,23
74,G137502,9/3/2015,225,WEST  105 STREET,MANHATTAN,10025,AMSTERDAM AVENUE / BROADWAY,,107,7,24,7,False,993394,230862,No,No,Yes,False,-73.9669728963,40.800334064,1.00399629829,13
75,G137508,9/3/2015,920,FOURTH AVENUE,BROOKLYN,11232,34 STREET / 35 STREET,,307,7,72,38,False,983246,178097,Yes,No,No,False,-74.0036184632,40.6555117176,0.999335994279,10
76,G137509,9/3/2015,957,4 AVENUE,BROOKLYN,11232,36 STREET / 37 STREET,,307,7,72,38,False,982976,177440,No,No,No,False,-74.0045914318,40.6537083615,0.999335994279,10
77,G137513,9/3/2015,457,WEST  125 STREET,MANHATTAN,10027,BEND / AMSTERDAM AVENUE,,109,9,26,7,False,996556,235487,Yes,No,No,False,-73.9555436303,40.8130245729,1.08954616468,13
78,G137514,9/3/2015,537,WEST  125 STREET,MANHATTAN,10027,AMSTERDAM AVENUE / OLD BROADWAY,,109,9,26,7,False,996156,236091,Yes,No,No,False,-73.9569875893,40.8146829322,1.08954616468,13
79,G137518,9/3/2015,90-06,PITKIN AVENUE,QUEENS,11417,LINDEN BOULEVARD / WHITELAW STREET,,410,10,106,32,False,1026889,184522,No,No,No,False,-73.8462865644,40.6730442908,1.02064024116,4
80,G137519,9/3/2015,876,GERARD AVENUE,BRONX,10452,EAST  161 STREET / EAST  162 STREET,,204,4,44,17,False,1005199,240849,No,No,No,False,-73.9243034026,40.8277254774,1.05193085378,17
81,G137520,9/3/2015,744,MCDONALD AVENUE,BROOKLYN,11218,CORTELYOU ROAD / DITMAS AVENUE,,312,12,66,39,False,990200,171087,No,No,No,False,-73.9785621038,40.6362688393,1.14080950875,0
82,G137523,9/3/2015,262,PACIFIC STREET,BROOKLYN,11201,BOERUM PLACE / SMITH STREET,,302,2,84,33,False,986969,189946,No,No,No,False,-73.9901958166,40.6880342065,1.19673315683,23
83,G137524,9/3/2015,164,WEST  123 STREET,MANHATTAN,10027,LENOX AVENUE / ADAM CLAYTON POWELL JR BOULEVARD,,110,10,28,9,False,998414,233377,No,No,No,False,-73.9488359163,40.8072304259,1.08954616468,13
84,G137527,9/3/2015,340,MAUJER STREET,BROOKLYN,11206,WATERBURY STREET / MORGAN AVENUE,,301,1,90,34,False,1002180,198803,No,No,No,False,-73.935324351,40.7123268508,1.36050955476,8
85,G137528,9/3/2015,218,WEST   10 STREET,MANHATTAN,10014,BLEECKER STREET / HUDSON STREET,,102,2,6,3,False,982950,206618,No,No,No,False,-74.0046907655,40.7337952067,0.896809306142,6
86,G137529,9/3/2015,337,BLEECKER STREET,MANHATTAN,10014,CHRISTOPHER STREET / WEST   10 STREET,,102,2,6,3,False,983074,206574,No,No,No,False,-74.0042433309,40.7336744549,0.896809306142,6
87,G137530,9/3/2015,3,CHARLES STREET,MANHATTAN,10014,GREENWICH AVENUE / WAVERLY PLACE,,102,2,6,3,False,984071,207187,No,No,No,False,-74.0006458975,40.7353570653,0.896809306142,6
88,G137531,9/3/2015,61,CHRISTOPHER STREET,MANHATTAN,10014,GROVE STREET / 7 AVENUE SOUTH,,102,2,6,3,False,983623,206645,No,No,No,False,-74.0022623948,40.7338693884,0.896809306142,6
89,G137532,9/3/2015,133,7 AVENUE SOUTH,MANHATTAN,10014,WEST   10 STREET / CHARLES STREET,,102,2,6,3,False,983694,206892,No,No,No,False,-74.002006227,40.7345473473,0.896809306142,6
90,G137536,9/4/2015,266,EAST GUN HILL ROAD,BRONX,10467,KINGS COLLEGE PLACE / PUTNAM PLACE,,207,7,52,11,False,1018599,259719,Yes,No,No,False,-73.8757875418,40.8794760108,1.25332256262,14
91,G137537,9/4/2015,360,EAST GUNHILL ROAD,BRONX,10467,DECATUR AVENUE / WEBSTER AVENUE,,207,7,52,11,False,1019552,259350,Yes,No,No,False,-73.8723432636,40.8784594608,1.25332256262,14
92,G137538,9/4/2015,361,GUNHILL ROAD,BRONX,10467,DECATUR AVENUE / WEBSTER AVENUE,,207,7,52,11,False,1019606,259532,Yes,No,No,False,-73.8721470321,40.8789587777,1.25332256262,14
93,G137540,9/4/2015,278,PENNYFIELD AVENUE,BRONX,10465,HATTING PLACE / CHAFFEE AVENUE,,210,10,45,13,False,1037494,236109,No,No,No,False,-73.807647321,40.8145799076,0.92610264561,16
94,G137541,9/4/2015,557,GRAND CONCOURSE,BRONX,10451,EAST  149 STREET / EAST  150 STREET,,204,4,44,8,False,1004342,237704,No,No,No,False,-73.9274094809,40.819095338,1.10818738071,17
95,G137543,9/4/2015,941,61 STREET,BROOKLYN,11219,9 AVENUE / FT HAMILTON PARKWAY,,312,12,66,38,False,982372,169947,Yes,No,No,False,-74.0067661314,40.6331415808,1.1011969247,10
96,G137546,9/4/2015,429,61 STREET,BROOKLYN,11220,4 AVENUE / 5 AVENUE,,307,7,72,38,False,979277,172400,No,No,No,False,-74.0179187254,40.6398733463,1.2659719592,10
97,G137551,9/4/2015,21-23,49 AVENUE,QUEENS,11101,21 STREET / FLUSHING LINE,,402,2,108,26,False,998524,209803,Yes,No,No,False,-73.948488643,40.7425258188,1.33487788273,8
98,G137553,9/4/2015,1170,39 STREET,BROOKLYN,11218,FT HAMILTON PARKWAY / 12 AVENUE,,312,12,66,39,False,987319,173146,No,No,No,False,-73.9889414325,40.6419218208,1.14080950875,0
99,G137555,9/4/2015,71-20,MYRTLE AVENUE,QUEENS,11385,71 STREET / 71 PLACE,,405,5,104,30,False,1017720,195006,No,No,No,False,-73.8792886454,40.7018598528,1.20172633969,12
100,G137556,9/4/2015,109-12,FARMERS BOULEVARD,QUEENS,11412,109 AVENUE / 109 ROAD,,412,12,113,27,False,1048864,195708,Yes,No,No,False,-73.7669598016,40.703614068,1.09220919555,9
101,G137557,9/4/2015,75-41,61 STREET,QUEENS,11385,75 AVENUE / ST FELIX AVENUE,,405,5,104,30,False,1013801,193410,No,No,No,False,-73.8934297175,40.6974931641,1.20172633969,12
102,G137564,9/5/2015,540,WEST  188 STREET,MANHATTAN,10040,AMSTERDAM AVENUE / AUDUBON AVENUE,,112,12,34,10,False,1003889,249982,No,No,No,False,-73.9290101776,40.8527959038,0.838222627207,17
103,G137565,9/5/2015,3552,JOHNSON AVENUE,BRONX,10463,WEST 235 STREET / WEST 236 STREET,,208,8,50,11,False,1009286,262167,No,No,No,False,-73.9094559265,40.8862263356,0.944410982777,5
104,G137568,9/5/2015,248,STRATFORD ROAD,BROOKLYN,11218,LEWIS PLACE / MATTHEWS COURT,,314,14,70,40,False,992918,173395,No,No,No,False,-73.9687661644,40.6426015624,1.14080950875,0
105,G137569,9/6/2015,590,NOSTRAND AVENUE,BROOKLYN,11216,ATLANTIC AVENUE / PACIFIC STREET,,308,8,77,36,False,998125,186399,No,No,No,False,-73.9499767668,40.6782880434,1.27096514207,21
106,G137570,9/6/2015,89-00,23 AVENUE,QUEENS,11369,89 STREET / 90 STREET,,403,3,115,22,False,1017534,218834,No,No,No,False,-73.8798415826,40.7672624795,0.939084921056,25
107,G137572,9/6/2015,106,FORSYTH STREET,MANHATTAN,10002,GRAND STREET / BROOME STREET,Paint Gray ; ,103,3,5,1,False,986318,201027,No,No,No,False,-73.9925397927,40.7184491251,1.19906330883,6
108,G137573,9/6/2015,1367,65 STREET,BROOKLYN,11219,13 AVENUE / 14 AVENUE,,310,10,68,38,False,984373,167030,Yes,No,No,False,-73.999556904,40.625135229,1.1011969247,3
109,G137589,9/8/2015,481,8 AVENUE,MANHATTAN,10001,WEST   34 STREET / WEST   35 STREET,,104,4,14,3,False,986011,213514,No,No,No,False,-73.9936440115,40.752722925,1.09354071098,6
110,G137590,9/8/2015,23,AVENUE A,MANHATTAN,10009,EAST    1 STREET / EAST    2 STREET,,103,3,9,2,False,988109,202672,No,No,No,False,-73.9860779062,40.7229636534,0.964050835375,6
111,G137592,9/8/2015,1600,CATON AVENUE,BROOKLYN,11226,BUCKINGHAM ROAD / PARADE PLACE,,314,14,70,40,False,994024,176251,No,No,No,False,-73.9647767218,40.6504395133,1.50764200981,0
112,G137597,9/8/2015,160,WEST  124 STREET,MANHATTAN,10027,LENOX AVENUE / ADAM CLAYTON POWELL JR BOULEVARD,,110,10,28,9,False,998554,233597,Yes,No,No,False,-73.9483297309,40.8078340395,1.08954616468,13
113,G137599,9/8/2015,1401,AVENUE Z,BROOKLYN,11235,EAST   14 STREET / EAST   15 STREET,,315,15,61,48,False,996725,153526,No,No,No,False,-73.9550849239,40.5880607324,1.1254970813,11
114,G137600,9/8/2015,1616,VOORHIES AVENUE,BROOKLYN,11235,EAST   16 STREET / SHEEPSHEAD BAY ROAD,,315,15,61,48,False,997485,152645,Yes,No,No,False,-73.9523503406,40.585641461,1.1254970813,11
115,G137602,9/8/2015,4309,8 AVENUE,BROOKLYN,11232,43 STREET / 44 STREET,,307,12,66,38,False,984356,174141,Yes,No,No,False,-73.9996180332,40.6446534129,0.999335994279,10
116,G137603,9/8/2015,4313,8 AVENUE,BROOKLYN,11232,43 STREET / 44 STREET,,307,12,66,38,False,984333,174113,Yes,No,No,False,-73.9997009131,40.6445765592,0.999335994279,10
117,G137604,9/8/2015,4407,8 AVENUE,BROOKLYN,11220,44 STREET / 45 STREET,,307,12,66,38,False,984187,173950,Yes,No,No,False,-74.0002270162,40.6441291595,1.2659719592,10
118,G137607,9/8/2015,5811,8 AVENUE,BROOKLYN,11220,58 STREET / 59 STREET,,307,12,66,38,False,981912,171077,No,No,No,False,-74.0084238288,40.6362430813,1.2659719592,10
119,G137775,9/14/2015,140,BEADEL STREET,BROOKLYN,11222,VANDERVOORT AVENUE / PORTER AVENUE,Paint Gray ; Powerwash; ,301,1,94,34,False,1002177,202355,No,No,No,False,-73.9353257127,40.7220762423,0.936089011338,8
120,G138017,9/24/2015,306,WHITE PLAINS ROAD,BRONX,10473,O'BRIEN AVENUE / PATTERSON AVENUE,Powerwash; ,209,9,43,18,False,1024220,235069,Yes,No,No,False,-73.855607914,40.8117954322,0.970042654811,20
121,G138034,9/25/2015,133-27,SANFORD AVENUE,QUEENS,11355,FRAME PLACE / MAIN STREET,Paint Black ; ,407,7,109,20,False,1031314,214942,Yes,No,No,False,-73.8301218218,40.7565173386,1.07489949495,7
122,G138035,9/25/2015,133-27,SANFORD AVENUE,QUEENS,11355,FRAME PLACE / MAIN STREET,Paint Black ; ,407,7,109,20,False,1031314,214942,No,No,No,False,-73.8301218218,40.7565173386,1.07489949495,7
123,G138158,10/2/2015,137,34 STREET,BROOKLYN,11232,3 AVENUE / 4 AVENUE,,307,7,72,38,False,982977,178462,Yes,No,No,False,-74.0045880207,40.6565135281,0.999335994279,10
124,G138177,10/4/2015,40-04,BOWNE STREET,QUEENS,11354,ROOSEVELT AVENUE / LIRR PORT WASHINGTON LINE,Paint No preference ; Powerwash; ,407,7,109,20,False,1032831,216427,No,No,No,False,-73.8246354725,40.7605850707,1.09354071098,7
125,G138217,10/5/2015,1174,CONEY ISLAND AVENUE,BROOKLYN,11230,AVENUE H / LONG ISLAND RR,,314,14,70,45,False,993601,168411,No,No,No,False,-73.9663119834,40.6289208492,1.25365544147,3
126,G138218,10/5/2015,1656,ST NICHOLAS AVENUE,MANHATTAN,10040,WADSWORTH AVENUE / FT GEORGE AVENUE,"Paint No preference PAINT COLOR OF ROOF SILVER, HALLWAY IS GREEN OIL BASE; ",112,12,34,10,False,1004145,251325,No,No,No,False,-73.9280808196,40.8564814641,0.838222627207,17
127,G138219,10/5/2015,6014,18 AVENUE,BROOKLYN,11204,60 STREET / 61 STREET,,312,12,66,44,False,987658,165815,No,No,No,False,-73.9877236115,40.6217996535,1.13448481046,3
128,G138222,10/5/2015,5924,20 AVENUE,BROOKLYN,11204,59 STREET / 60 STREET,,312,12,66,44,False,988962,165030,Yes,No,No,False,-73.9830268559,40.6196443945,1.13448481046,3
129,G138230,10/5/2015,1336,CONEY ISLAND AVENUE,BROOKLYN,11230,AVENUE I / AVENUE J,,314,12,66,44,False,993800,167010,Yes,No,No,False,-73.9655970461,40.6250751866,1.25365544147,3
130,G138231,10/5/2015,6018,18 AVENUE,BROOKLYN,11204,60 STREET / 61 STREET,,312,12,66,44,False,987600,165791,Yes,No,No,False,-73.9879325525,40.6217338006,1.13448481046,3
131,G138232,10/5/2015,2465,BROADWAY,MANHATTAN,10025,WEST   91 STREET / WEST   92 STREET,,107,7,24,6,False,991351,227817,No,No,No,False,-73.9743552028,40.7919782437,1.00399629829,13
132,G138234,10/5/2015,750,GRAND CONCOURSE,BRONX,10451,EAST  153 STREET / EAST  156 STREET,Paint No preference ; ,204,4,44,17,False,1005250,239103,No,Yes,No,False,-73.9241245853,40.8229330846,1.10818738071,17
133,G138241,10/5/2015,603,GREENWICH STREET,MANHATTAN,10014,CLARKSON STREET / LEROY STREET,,102,2,6,3,False,982022,205156,No,No,No,False,-74.0080387662,40.7297821903,0.896809306142,6
134,G138242,10/5/2015,333,ST NICHOLAS AVENUE,MANHATTAN,10027,WEST  126 STREET / WEST  127 STREET,Paint Brick-Red ; Powerwash; ,109,9,26,7,False,997503,235066,No,No,No,False,-73.952123352,40.8118676755,1.08954616468,13
135,G138245,10/5/2015,8604,4 AVENUE,BROOKLYN,11209,86 STREET / 87 STREET,,310,10,68,43,False,976265,166140,No,No,No,False,-74.0287641636,40.6226887677,0.988018113121,10
136,G138246,10/5/2015,1742,UNION PORT ROAD,BRONX,10462,BEND / AMETHYST STREET,,211,11,49,15,False,1020898,247033,Yes,No,No,False,-73.8675433047,40.8446475614,1.0179772103,20
137,G138253,10/6/2015,102,SECOND AVENUE,MANHATTAN,10003,EAST    5 STREET / EAST    6 STREET,Powerwash; ,103,3,9,2,False,987470,204219,No,No,No,False,-73.9883824829,40.7272100485,1.06491312922,6
138,G138255,10/6/2015,133-48,WHITESTONE EXPRESSWAY,QUEENS,11354,ULMER STREET / DOWNING STREET,Powerwash; ,407,7,109,20,False,1029731,219435,No,No,No,False,-73.8358052707,40.7688577299,1.09354071098,7
139,G138257,10/6/2015,18,ALLEN STREET,MANHATTAN,10002,CANAL STREET / HESTER STREET,Paint No preference ; Powerwash; ,103,3,7,1,False,986436,199842,No,No,No,False,-73.9921144984,40.7151965558,1.19906330883,6
140,G138259,10/6/2015,59,CANAL STREET,MANHATTAN,10002,ORCHARD STREET / ALLEN STREET,,103,3,7,1,False,986463,199816,Yes,No,No,False,-73.9920171106,40.7151251853,1.19906330883,6
141,G138261,10/6/2015,80,DELANCY STREET,MANHATTAN,10002,ALLEN STREET / ORCHARD STREET,,103,3,7,1,False,987062,201361,Yes,No,No,False,-73.9898557102,40.7193656696,1.19906330883,6
142,G138262,10/6/2015,118,DELANCEY STREET,MANHATTAN,10002,ESSEX STREET / NORFOLK STREET,,103,3,7,1,True,987671,201268,Yes,No,No,False,-73.98765879,40.7191101924,1.19906330883,6
143,G138263,10/6/2015,146,DELANCY STREET,MANHATTAN,10002,NORFOLK STREET / SUFFOLK STREET,,103,3,7,1,False,987952,201038,Yes,No,No,False,-73.9866452129,40.7184787846,1.19906330883,6
144,G138264,10/6/2015,108,DELANCEY STREET,MANHATTAN,10002,LUDLOW STREET / ESSEX STREET,,103,3,7,1,False,987456,201222,Yes,No,No,False,-73.9884344214,40.718984014,1.19906330883,6
145,G138265,10/6/2015,110,DELANCY STREET,MANHATTAN,10002,LUDLOW STREET / ESSEX STREET,,103,3,7,1,False,987498,201205,Yes,No,No,False,-73.9882829155,40.7189373378,1.19906330883,6
146,G138266,10/6/2015,135,DIVISION STREET,MANHATTAN,10002,LUDLOW STREET / CANAL STREET,Paint No preference brown on all roll dwn gates; ,103,3,7,1,False,986703,199528,Yes,No,No,False,-73.9911514706,40.7143346308,1.19906330883,6
147,G138273,10/6/2015,36,LUDLOW STREET,MANHATTAN,10002,HESTER STREET / GRAND STREET,,103,3,7,1,False,986971,200138,Yes,No,No,False,-73.9901844871,40.7160088566,1.19906330883,6
148,G138274,10/6/2015,42,LUDLOW STREET,MANHATTAN,10002,HESTER STREET / GRAND STREET,,103,3,7,1,False,987003,200221,No,No,No,False,-73.9900690189,40.7162366618,1.19906330883,6
149,G138275,10/6/2015,69,LUDLOW STREET,MANHATTAN,10002,GRAND STREET / BROOME STREET,Paint Gray ; ,103,3,7,1,False,987032,200663,Yes,No,No,False,-73.9899642237,40.7174498368,1.19906330883,6
150,G138276,10/6/2015,34,LUDLOW STREET,MANHATTAN,10002,HESTER STREET / GRAND STREET,Paint Other green& brown; ,103,3,7,1,False,986931,200098,Yes,No,No,False,-73.9903287957,40.7158990784,1.19906330883,6
151,G138278,10/6/2015,10,LUDLOW STREET,MANHATTAN,10002,CANAL STREET / HESTER STREET,,103,3,7,1,False,986836,199775,No,No,No,False,-73.9906716145,40.7150125489,1.19906330883,6
152,G138279,10/6/2015,117,LUDLOW STREET,MANHATTAN,10002,DELANCEY STREET / RIVINGTON STREET,Paint No preference ; ,103,3,7,1,False,987337,201446,Yes,No,No,False,-73.9888636087,40.7195988824,1.19906330883,6
153,G138280,10/6/2015,125,LUDLOW STREET,MANHATTAN,10002,DELANCEY STREET / RIVINGTON STREET,,103,3,7,1,False,987363,201511,Yes,No,No,False,-73.9887697834,40.7197772826,1.19906330883,6
154,G138282,10/6/2015,81,HESTER STREET,MANHATTAN,10002,ORCHARD STREET / ALLEN STREET,Paint Gray ; ,103,3,7,1,False,986647,200209,Yes,No,No,False,-73.9913532329,40.7162038283,1.19906330883,6
155,G138284,10/6/2015,122,ORCHARD STREET,MANHATTAN,10002,DELANCEY STREET / RIVINGTON STREET,,103,3,7,1,False,987218,201390,Yes,No,No,False,-73.9892929274,40.7194452166,1.19906330883,6
156,G138285,10/6/2015,117,STANTON STREET,MANHATTAN,10002,LUDLOW STREET / ESSEX STREET,,103,3,7,1,False,987767,201952,Yes,No,No,False,-73.987312114,40.72098757,1.19906330883,6
157,G138286,10/6/2015,156,STANTON STREET,MANHATTAN,10002,SUFFOLK STREET / CLINTON STREET,Paint No preference ; ,103,3,7,1,False,988397,201801,Yes,No,No,False,-73.9850394268,40.7205728385,1.19906330883,6
158,G138287,10/6/2015,500,DEKALB AVENUE,BROOKLYN,11205,FRANKLIN AVENUE / SKILLMAN STREET,None Specified; ,303,3,79,36,False,996261,190868,No,No,No,False,-73.9566890377,40.6905571521,1.05359524807,21
159,G138288,10/6/2015,2950,AVENUE U,BROOKLYN,11229,HARING STREET / BROWN STREET,Paint Other POWERWASH SIDE BRICK WALL; Powerwash; ,315,15,61,46,False,1000805,158006,Yes,No,No,False,-73.9403842903,40.6003507476,1.17376451565,11
160,G138289,10/6/2015,5723,2 AVENUE,BROOKLYN,11220,57 STREET / 58 STREET,Powerwash; ,307,7,72,38,False,978361,174115,No,No,No,False,-74.0212207557,40.6445800913,1.2659719592,10
161,G138290,10/6/2015,229,53 STREET,BROOKLYN,11220,2 AVENUE / 3 AVENUE,Paint White ; ,307,7,72,38,False,979345,175029,Yes,No,No,False,-74.0176756191,40.6470894236,1.2659719592,10
162,G138291,10/6/2015,2952,AVENUE X,BROOKLYN,11235,HARING STREET / BROWN STREET,None Specified; ,315,15,61,46,False,1001104,155582,No,No,No,False,-73.9393136181,40.5936967948,1.1254970813,11
163,G138294,10/6/2015,1252,SAINT LAWRENCE AVENUE,BRONX,10472,GLEASON AVENUE / NYCTA SUBWAY,,209,9,43,18,False,1021040,242217,No,No,No,False,-73.8670564928,40.8314284639,1.01265114858,20
164,G138301,10/7/2015,1675,EAST    2 STREET,BROOKLYN,11223,AVENUE P / QUENTIN ROAD,Paint No preference ; ,315,15,61,44,False,992132,161043,Yes,No,No,False,-73.9716128207,40.6086986505,1.16411102878,3
165,G138302,10/7/2015,488,AVENUE P,BROOKLYN,11223,EAST    4 STREET / EAST    5 STREET,Paint Gray ; ,315,15,61,44,False,992748,161122,No,No,Yes,False,-73.9693941853,40.6089149199,1.16411102878,3
166,G138303,10/7/2015,11,WEST   30 STREET,MANHATTAN,10001,5 AVENUE / BROADWAY,Paint No preference ; ,105,5,14,3,False,987794,211250,Yes,No,No,False,-73.9872098114,40.7465082811,1.09354071098,6
167,G138304,10/7/2015,649,WEST  158 STREET,MANHATTAN,10032,EDWARD M MORGAN PLACE / RIVERSIDE DRIVE,None Specified; ,112,12,33,7,False,998949,243880,No,No,No,False,-73.9468803495,40.8360573125,0.967712502808,17
168,G138305,10/7/2015,4071,BROADWAY,MANHATTAN,10032,WEST  171 STREET / WEST  172 STREET,,112,12,33,10,False,1001003,246732,No,No,No,False,-73.9394504258,40.8438815627,0.967712502808,17
169,G138306,10/7/2015,845,RIVERSIDE DRIVE,MANHATTAN,10032,BEND / WEST  160 STREET,None Specified; ,112,12,33,7,False,998869,243926,No,No,No,False,-73.9471693554,40.8361837019,0.967712502808,17
170,G138308,10/7/2015,4067,BROADWAY,MANHATTAN,10032,WEST  171 STREET / WEST  172 STREET,Paint No preference ; ,112,12,33,10,False,1000984,246633,No,No,No,False,-73.9395193436,40.8436098728,0.967712502808,17
171,G138309,10/7/2015,853,RIVERSIDE DRIVE,MANHATTAN,10032,BEND / WEST  160 STREET,Paint No preference ; ,112,12,33,7,False,998824,244052,No,No,No,False,-73.9473317041,40.8365296098,0.967712502808,17
172,G138311,10/7/2015,51,BEACH STREET,MANHATTAN,10013,HUDSON STREET / COLLISTER STREET,Paint Brick-Red ; ,101,1,1,1,False,981711,201881,No,No,No,False,-74.0091596385,40.7207930268,1.04127873033,6
173,G138312,10/7/2015,180,HESTER STREET,MANHATTAN,10013,MOTT STREET / MULBERRY STREET,,102,2,5,1,False,984835,200862,No,No,No,False,-73.9978896559,40.7179964621,1.04127873033,6
174,G138315,10/7/2015,142-12,ROCKAWAY BOULEVARD,QUEENS,11436,142 STREET / 142 PLACE,Paint No preference ; ,412,12,113,28,False,1040218,184826,No,No,No,False,-73.7982331947,40.6738044675,0.874173543827,9
175,G138316,10/7/2015,112,WHITE STREET,MANHATTAN,10013,LAFAYETTE STREET / CENTRE STREET,,101,1,5,1,True,984004,200567,Yes,No,No,False,-74.000887416,40.7171867738,1.04127873033,6
176,G138321,10/7/2015,34-44,JUNCTION BOULEVARD,QUEENS,11372,34 ROAD / 34 ROAD,,403,3,115,21,False,1019648,213858,Yes,No,No,False,-73.8722360522,40.7535964383,1.1404766299,25
177,G138323,10/8/2015,618,AMSTERDAM AVENUE,MANHATTAN,10024,WEST   89 STREET / WEST   90 STREET,,107,7,24,6,False,991541,227178,Yes,No,No,False,-73.9736697239,40.7902242061,0.896809306142,13
178,G138324,10/8/2015,652,AMSTERDAM AVENUE,MANHATTAN,10025,WEST   91 STREET / WEST   92 STREET,,107,7,24,6,False,991832,227621,Yes,No,No,False,-73.9726183241,40.791439877,1.00399629829,13
179,G138325,10/8/2015,689,AMSTERDAM AVENUE,MANHATTAN,10025,WEST   93 STREET / WEST   94 STREET,Paint Gray ; ,107,7,24,6,False,992224,227873,Yes,No,No,False,-73.9712023541,40.792131204,1.00399629829,13
180,G138326,10/8/2015,201,WEST   94 STREET,MANHATTAN,10025,AMSTERDAM AVENUE / BROADWAY,Powerwash; ,107,7,24,6,False,992130,228190,Yes,No,No,False,-73.9715414578,40.7930013678,1.00399629829,13
181,G138327,10/8/2015,174,WEST  107 STREET,MANHATTAN,10025,COLUMBUS AVENUE / AMSTERDAM AVENUE,,107,7,24,8,False,993946,231065,Yes,No,No,False,-73.9649788412,40.800890655,1.00399629829,13
182,G138328,10/8/2015,12,VAN DYKE STREET,BROOKLYN,11231,OTSEGO STREET / DWIGHT STREET,Paint Brick-Red ; ,306,6,76,38,False,981230,184566,No,No,No,False,-74.0108871195,40.6732672304,0.867848845533,23
183,G138330,10/8/2015,5,HARRISON STREET,MANHATTAN,10013,HUDSON STREET / STAPLE STREET,Powerwash; ,101,1,1,1,False,981683,201051,No,No,No,False,-74.0092603341,40.7185148686,1.04127873033,6
184,G138331,10/8/2015,181,LOMBARDY STREET,BROOKLYN,11222,VARICK AVENUE / STEWART AVENUE,Paint Gray ; ,301,1,94,34,False,1002688,203020,No,No,No,False,-73.933480384,40.7239004555,0.936089011338,8
185,G138332,10/8/2015,14,WEEHAWKEN STREET,MANHATTAN,10014,WEST   10 STREET / CHRISTOPHER STREET,,102,2,6,3,False,981481,206213,No,No,No,False,-74.0099911637,40.7326832434,0.896809306142,6
186,G138335,10/8/2015,5803,7 AVENUE,BROOKLYN,11220,58 STREET / 59 STREET,Paint No preference ; ,307,7,72,38,False,981360,171617,No,No,No,False,-74.0104129196,40.6377251032,1.2659719592,10
187,G138337,10/8/2015,5424,7 AVENUE,BROOKLYN,11220,54 STREET / 55 STREET,,307,7,72,38,False,981763,172397,Yes,No,No,False,-74.0089611633,40.6398661589,1.2659719592,10
188,G138338,10/8/2015,6118,4 AVENUE,BROOKLYN,11220,61 STREET / 62 STREET,,307,7,72,38,False,978780,172463,No,No,No,False,-74.019709568,40.6400459748,1.2659719592,10
189,G138339,10/8/2015,683,60 STREET,BROOKLYN,11220,6 AVENUE / 7 AVENUE,Paint No preference PAINT BACK TO NORMAL; ,307,7,72,38,False,980996,171379,No,No,No,False,-74.0117243282,40.6370717178,1.2659719592,10
190,G138340,10/8/2015,276,GRAND STREET,BROOKLYN,11211,ROEBLING STREET / HAVEMEYER STREET,Paint Black ; ,301,1,90,34,False,995883,199042,No,No,No,False,-73.9580379638,40.7129933691,1.25565271462,8
191,G138341,10/8/2015,172-12,LINDEN BOULEVARD,QUEENS,11434,172 STREET / 173 STREET,,412,12,113,27,False,1045924,191388,No,No,No,False,-73.7776028684,40.6917776918,1.37515622449,9
192,G138342,10/8/2015,131,DRIGGS AVENUE,BROOKLYN,11222,NORTH HENRY STREET / RUSSELL STREET,Paint Brick-Red & ROLL DOWN GATE GRAY; ,301,1,94,33,False,999826,202655,No,No,No,False,-73.943806594,40.7229041214,0.936089011338,8
193,G138345,10/8/2015,102,NORTH    1 STREET,BROOKLYN,11211,WYTHE AVENUE / BERRY STREET,,301,1,90,34,False,994493,200038,Yes,No,No,False,-73.9630503934,40.7157288694,1.25565271462,8
194,G138346,10/8/2015,94,NORTH FIRST STREET,BROOKLYN,11211,WYTHE AVENUE / BERRY STREET,,301,1,90,34,False,994393,200093,Yes,No,No,False,-73.9634110408,40.7158799465,1.25565271462,8
195,G138347,10/8/2015,96,NORTH FIRST STREET,BROOKLYN,11211,WYTHE AVENUE / BERRY STREET,,301,1,90,34,False,994414,200080,Yes,No,No,False,-73.9633353069,40.7158442405,1.25565271462,8
196,G138348,10/8/2015,96,NORTH FIRST STREET,BROOKLYN,11211,WYTHE AVENUE / BERRY STREET,,301,1,90,34,False,994414,200080,Yes,No,No,False,-73.9633353069,40.7158442405,1.25565271462,8
197,G138351,10/8/2015,1689,MCDONALD AVENUE,BROOKLYN,11230,RYDER AVENUE / AVENUE O,Paint No preference ; Powerwash; ,311,12,66,44,False,991693,162180,Yes,No,Yes,False,-73.9731926347,40.6118198614,1.25365544147,3
198,G138352,10/8/2015,295,AVENUE O,BROOKLYN,11230,MC DONALD AVENUE / EAST    2 STREET,Paint No preference ; Powerwash; ,312,12,66,44,False,991696,162089,Yes,No,No,False,-73.9731819299,40.6115700826,1.25365544147,3
199,G138353,10/8/2015,8712,19 AVENUE,BROOKLYN,11214,BENSON AVENUE / BATH AVENUE,Powerwash; ,311,11,62,50,False,983435,159287,Yes,No,No,False,-74.0029350269,40.6038822573,1.11318056357,3
200,G138354,10/8/2015,1703,MC DONALD AVENUE,BROOKLYN,11230,AVENUE O / 65 STREET,Paint No preference ; ,311,12,66,44,False,991741,161620,Yes,No,No,False,-73.9730203748,40.6102827362,1.25365544147,3
201,G138355,10/8/2015,201,LAFAYETTE STREET,MANHATTAN,10012,BROOME STREET / KENMARE STREET,Powerwash; ,102,2,5,1,False,984870,202024,No,No,No,False,-73.997763289,40.72118587,0.976034474248,6
202,G138359,10/8/2015,1065,UNIVERSITY AVENUE,BRONX,10452,WEST  165 STREET / UNNAMED STREET,,204,4,44,16,False,1003780,244237,No,No,No,False,-73.929420916,40.8370278117,1.05193085378,17
203,G138360,10/8/2015,227,WEST   27 STREET,MANHATTAN,10001,7 AVENUE / 8 AVENUE,,105,5,10,3,True,985698,211585,No,No,No,False,-73.9947741397,40.7474283636,1.09354071098,6
204,G138365,10/8/2015,521,BROOKLYN AVENUE,BROOKLYN,11225,EAST NEW YORK AVENUE / MAPLE STREET,Powerwash; ,309,9,71,40,False,999443,180378,Yes,No,No,False,-73.9452385819,40.6617595833,1.14680132819,0
205,G138366,10/8/2015,226,VARICK STREET,MANHATTAN,10014,DOWNING STREET / 7 AVENUE SOUTH,Powerwash; ,102,2,6,3,False,982862,204926,No,No,No,False,-74.0050079452,40.7291510682,0.896809306142,6
206,G138370,10/9/2015,654,HENRY STREET,BROOKLYN,11231,COLES STREET / HAMILTON AVENUE,Powerwash; ,306,6,76,39,False,983634,186592,Yes,No,No,False,-74.0022208692,40.6788286373,0.867848845533,23
207,G138372,10/9/2015,1081,LIBERTY AVENUE,BROOKLYN,11208,HEMLOCK STREET / AUTUMN AVENUE,Paint Gray ; ,305,5,75,37,False,1020467,186494,Yes,No,No,False,-73.8694272163,40.6784855823,1.48999943036,4
208,G138374,10/9/2015,6809,3 AVENUE,BROOKLYN,11220,68 STREET / BAY RIDGE AVENUE,Paint Gray ; ,310,10,68,43,False,977139,171009,No,No,No,False,-74.0256209058,40.6360538899,1.2659719592,10
209,G138375,10/9/2015,849,MADISON STREET,BROOKLYN,11221,RALPH AVENUE / HOWARD AVENUE,,303,3,81,41,False,1005843,190023,No,No,No,False,-73.9221396295,40.6882196315,1.33720803473,28
210,G138376,10/9/2015,855,MADISON STREET,BROOKLYN,11221,RALPH AVENUE / HOWARD AVENUE,,303,3,81,41,False,1005915,190034,No,No,No,False,-73.9218799756,40.688249648,1.33720803473,28
211,G138377,10/9/2015,319,GRAND STREET,BROOKLYN,11211,HAVEMEYER STREET / MARCY AVENUE,Paint Other POWER WASH WALLS AND GATES; Powerwash; ,301,1,90,34,False,996296,199010,No,No,No,False,-73.9565482662,40.7129049841,1.25565271462,8
212,G138378,10/9/2015,539,FLUSHING AVENUE,BROOKLYN,11206,LEE AVENUE / MARCY AVENUE,Powerwash; ,301,1,90,33,False,997207,194170,No,No,No,False,-73.9532714661,40.6996190405,1.36050955476,21
213,G138379,10/9/2015,1277,FLUSHING AVENUE,BROOKLYN,11237,SCOTT AVENUE / CYPRESS AVENUE,Paint No preference ; ,301,1,90,34,False,1005805,197688,Yes,No,No,False,-73.9222521195,40.709258353,1.02530054517,28
214,G138383,10/9/2015,637,HENRY STREET,BROOKLYN,11231,3 PLACE / 4 PLACE,,306,6,76,39,False,983838,186773,Yes,No,No,False,-74.0014853976,40.6793254532,0.867848845533,23
215,G138384,10/9/2015,2580,EAST   19 STREET,BROOKLYN,11235,AVENUE Y / AVENUE Z,Paint No preference ; ,315,15,61,48,False,997890,153713,Yes,No,No,False,-73.9508900732,40.5885722938,1.1254970813,11
216,G138389,10/9/2015,5512,4 AVENUE,BROOKLYN,11220,55 STREET / 56 STREET,,307,7,72,38,False,979800,173752,No,No,No,False,-74.0160351424,40.6435845744,1.2659719592,10
217,G138390,10/9/2015,374,56 STREET,BROOKLYN,11220,GOWANUS EXPWY EB EN BELT PKWY / 4 AVENUE,None Specified; ,307,7,72,38,False,979674,173605,Yes,No,No,False,-74.0164890714,40.6431810268,1.2659719592,10
218,G138397,10/10/2015,2331,WESTCHESTER AVENUE,BRONX,10462,GLOVER STREET / PARKER STREET,Paint Gray ; ,210,10,45,13,False,1026378,243974,No,No,No,False,-73.8477562191,40.8362270663,1.0179772103,20
219,G138398,10/10/2015,2313,WESTCHESTER AVENUE,BRONX,10462,GLOVER STREET / PARKER STREET,Paint White ; ,210,10,45,13,False,1026329,243920,Yes,No,Yes,False,-73.8479336356,40.8360790857,1.0179772103,20
220,G138399,10/10/2015,1245,BROADWAY,BROOKLYN,11221,GREENE AVENUE / GREENE AVENUE,,304,4,83,34,False,1005008,191246,No,No,No,False,-73.9251467155,40.6915784816,1.33720803473,28
221,G138400,10/10/2015,2275,WESTCHESTER AVENUE,BRONX,10462,DORIS STREET / GLOVER STREET,Paint Brick-Red ; ,210,10,45,13,False,1026126,243663,Yes,No,No,False,-73.8486688462,40.835374661,1.0179772103,20
222,G138401,10/10/2015,2273,WESTCHESTER AVENUE,BRONX,10462,WESTCHESTER AVENUE / DORIS STREET,Paint No preference ; ,210,10,45,13,False,1026033,243579,No,No,No,False,-73.8490054514,40.8351445461,1.0179772103,20
223,G138404,10/10/2015,3920,BROADWAY,MANHATTAN,10032,WEST  164 STREET / WEST  165 STREET,Paint Gray ; ,112,12,33,10,False,1000533,244754,Yes,No,No,False,-73.9411539266,40.8384534101,0.967712502808,17
224,G138405,10/10/2015,8027,FLATLANDS AVENUE,BROOKLYN,11236,EAST   80 STREET / EAST   81 STREET,,318,18,69,46,False,1008429,171035,No,No,No,False,-73.9128830887,40.6360951076,1.57421778133,15
225,G138407,10/11/2015,6226,NEW UTRECHT AVENUE,BROOKLYN,11219,62 STREET / 63 STREET,Paint White ; ,311,11,62,38,False,984968,167197,Yes,No,No,False,-73.9974134542,40.6255935807,1.1011969247,3
226,G138408,10/11/2015,7,BAY   22 STREET,BROOKLYN,11214,86 STREET / BENSON AVENUE,,311,11,62,43,False,984299,159769,No,No,No,False,-73.9998235348,40.6052052864,1.11318056357,3
227,G138409,10/11/2015,1465,AMSTERDAM AVENUE,MANHATTAN,10027,WEST  131 STREET / WEST  133 STREET,,109,9,26,7,False,997202,236939,No,No,No,False,-73.9532071041,40.8170089828,1.08954616468,13
228,G138410,10/11/2015,1465,AMSTERDAM AVENUE,MANHATTAN,10027,WEST  131 STREET / WEST  133 STREET,,109,9,26,7,False,997202,236939,Yes,No,No,False,-73.9532071041,40.8170089828,1.08954616468,13
229,G138411,10/11/2015,1477,AMSTERDAM AVENUE,MANHATTAN,10027,WEST  131 STREET / WEST  133 STREET,,109,9,26,7,False,997262,237068,No,No,No,False,-73.9529900864,40.8173629633,1.08954616468,13
230,G138413,10/11/2015,1264,AMSTERDAM AVENUE,MANHATTAN,10027,MORNINGSIDE DRIVE / WEST  123 STREET,,109,9,26,9,False,995772,234760,Yes,No,No,False,-73.958377138,40.8110302178,1.08954616468,13
231,G138415,10/11/2015,44,2 AVENUE,MANHATTAN,10003,EAST    2 STREET / NY MARBLE CEMETERY BOUNDARY,Powerwash; ,103,3,9,2,False,987048,203430,No,No,No,False,-73.9899053551,40.7250445789,1.06491312922,6
232,G138416,10/11/2015,98,2 AVENUE,MANHATTAN,10003,EAST    5 STREET / EAST    6 STREET,Paint No preference ; ,103,3,9,2,False,987467,204164,Yes,No,No,False,-73.9883933329,40.7270590879,1.06491312922,6
233,G138417,10/11/2015,104,2 AVENUE,MANHATTAN,10003,EAST    6 STREET / EAST    7 STREET,None Specified; ,103,3,9,2,False,987531,204292,Yes,No,No,False,-73.9881623639,40.7274103933,1.06491312922,6
234,G138419,10/11/2015,57,DELANCEY STREET,MANHATTAN,10002,ELDRIDGE STREET / ALLEN STREET,,103,3,5,1,False,986693,201286,Yes,No,No,False,-73.9911869049,40.7191599222,1.19906330883,6
235,G138420,10/11/2015,159,ELDRIDGE STREET,MANHATTAN,10002,DELANCEY STREET / RIVINGTON STREET,,103,3,5,1,False,986664,201537,Yes,No,No,False,-73.991291432,40.7198488647,1.19906330883,6
236,G138424,10/11/2015,236,EAST GUNHILL ROAD,BRONX,10467,TRYON AVENUE / KINGS COLLEGE PLACE,Powerwash; ,207,7,52,11,False,1018377,259854,Yes,No,No,False,-73.8765896468,40.8798474048,1.25332256262,14
237,G138425,10/11/2015,236,EAST GUNHILL ROAD,BRONX,10467,TRYON AVENUE / KINGS COLLEGE PLACE,Powerwash; ,207,7,52,11,False,1018377,259854,Yes,No,No,False,-73.8765896468,40.8798474048,1.25332256262,14
238,G138436,10/12/2015,475,WEST  155 STREET,MANHATTAN,10032,ST NICHOLAS AVENUE / AMSTERDAM AVENUE,,112,12,33,7,True,1000294,242268,No,No,No,False,-73.9420236085,40.8316304971,0.967712502808,17
239,G138437,10/12/2015,560,WEST  169 STREET,MANHATTAN,10032,AUDUBON AVENUE / BROADWAY,,112,12,33,10,True,1001211,245694,No,No,No,False,-73.9387012868,40.8410321598,0.967712502808,17
240,G138438,10/12/2015,401,WEST  164 STREET,MANHATTAN,10032,EDGECOMBE AVENUE / AMSTERDAM AVENUE,,112,12,33,7,True,1001610,244219,No,No,No,False,-73.9372630802,40.8369829392,0.967712502808,17
241,G138439,10/12/2015,131,AVENUE OF THE AMERICAS,MANHATTAN,10013,BROOME STREET / DOMINICK STREET,,102,2,1,3,True,982848,203279,No,No,No,False,-74.0050581145,40.7246304519,1.04127873033,6
242,G138440,10/12/2015,40,IRVING PLACE,MANHATTAN,10003,EAST   16 STREET / EAST   17 STREET,,106,6,13,2,True,987828,207176,No,No,No,False,-73.9870892734,40.7353261511,1.06491312922,6
243,G138441,10/12/2015,436,WEST   50 STREET,MANHATTAN,10019,9 AVENUE / 10 AVENUE,Paint Brick-Red ; ,104,4,18,3,True,986932,217497,No,No,No,False,-73.9903182514,40.7636550105,1.10685586528,6
244,G138442,10/12/2015,549,AUDUBON AVENUE,MANHATTAN,10040,WEST  192 STREET / WEST  193 STREET,,112,12,34,10,True,1004704,251129,No,No,No,False,-73.9260606686,40.8559422255,0.838222627207,17
245,G138443,10/12/2015,100,WEST MOSHOLU PARKWAY SOUTH,BRONX,10468,PAUL AVENUE / GOULDEN AVENUE,,207,7,52,11,True,1014960,259860,No,No,No,False,-73.8889461903,40.8798764243,1.16277951335,14
246,G138445,10/12/2015,235,BERRY STREET,BROOKLYN,11211,NORTH    1 STREET / GRAND STREET,Paint Gray ; ,301,1,90,34,False,994704,199900,No,No,No,False,-73.9622894669,40.7153498457,1.25565271462,8
247,G138451,10/12/2015,765,DEKALB AVENUE,BROOKLYN,11216,MARCY AVENUE / TOMPKINS AVENUE,,303,3,79,36,False,999267,191483,No,No,No,False,-73.9458482093,40.6922405949,1.27096514207,21
248,G138453,10/12/2015,6754,4 AVENUE,BROOKLYN,11220,SENATOR STREET / 68 STREET,Paint No preference ; ,310,10,68,43,False,977743,170883,No,No,No,False,-74.0234445747,40.635708511,1.2659719592,10
249,G138454,10/12/2015,2844,WESTCHESTER AVENUE,BRONX,10461,MULFORD AVENUE / MAYFLOWER AVENUE,Paint Black ; ,210,10,45,13,False,1029947,247082,No,No,No,False,-73.8348372822,40.8447398591,1.08521873954,20
250,G138458,10/12/2015,603,MORRIS PARK AVENUE,BRONX,10460,GARFIELD STREET / FILLMORE STREET,Paint No preference ; ,211,11,49,15,False,1020346,246895,Yes,No,No,False,-73.8695391356,40.844271066,1.12250117159,20
251,G138459,10/12/2015,1800,MATTHEWS AVENUE,BRONX,10462,MORRIS PARK AVENUE / RHINELANDER AVENUE,,211,11,49,13,False,1022532,247667,No,No,No,False,-73.8616339363,40.8463807702,1.0179772103,20
252,G138460,10/12/2015,1084,WASHINGTON AVENUE,BROOKLYN,11225,EMPIRE BOULEVARD / FRANKLIN AVENUE,Paint No preference ; ,309,9,71,35,False,994966,180643,Yes,No,No,False,-73.9613749889,40.6624934999,1.14680132819,0
253,G138461,10/12/2015,47-59,49 STREET,QUEENS,11377,47 AVENUE / 48 AVENUE,,402,2,108,26,False,1007416,208649,No,No,No,False,-73.9164035909,40.739339555,1.23334983116,2
254,G138463,10/12/2015,260,EAST FORDHAM ROAD,BRONX,10458,VALENTINE AVENUE / TIEBOUT AVENUE,,205,5,46,15,False,1013135,253313,Yes,No,No,False,-73.8955739909,40.8619130875,1.1428067819,5
255,G138465,10/12/2015,263,EAST FORDHAM ROAD,BRONX,10458,VALENTINE AVENUE / TIEBOUT AVENUE,,207,7,52,15,False,1013197,253504,Yes,No,No,False,-73.8953490217,40.8624371214,1.1428067819,5
256,G138467,10/12/2015,215,EAST FORDHAM ROAD,BRONX,10458,GRAND CONCOURSE / VALENTINE AVENUE,,207,7,52,15,False,1013032,253592,Yes,No,No,False,-73.8959451614,40.8626791941,1.1428067819,5
257,G138471,10/12/2015,1051,SOUTHERN BOULEVARD,BRONX,10459,ALDUS STREET / WESTCHESTER AVENUE,,202,2,41,17,False,1014020,239494,Yes,No,No,False,-73.8924358592,40.8239810642,1.07456661609,17
258,G138472,10/12/2015,2866,THIRD AVENUE,BRONX,10455,EAST  149 STREET / EAST  150 STREET,,201,1,40,17,False,1007315,236616,Yes,No,No,False,-73.916672055,40.8161018225,1.0352869109,17
259,G138473,10/12/2015,2914,THIRD AVENUE,BRONX,10455,EAST  150 STREET / EAST  151 STREET,Powerwash; ,201,1,40,17,False,1007701,236943,Yes,No,No,False,-73.915276394,40.8169983292,1.0352869109,17
260,G138475,10/12/2015,153,LAWRENCE STREET,BROOKLYN,11201,WILLOUGHBY STREET / FULTON STREET,,302,2,84,33,False,988162,191124,Yes,No,No,False,-73.9858934075,40.6912670986,1.19673315683,23
261,G138478,10/12/2015,912,FLATBUSH AVENUE,BROOKLYN,11226,CHURCH AVENUE / SNYDER AVENUE,Paint Other NO METHOD SPECIFIED - GRAFFITI ON TOP IFO THE BUILDING; ,314,14,70,40,False,995685,175869,Yes,No,No,False,-73.9587915032,40.6493890174,1.50764200981,0
262,G138480,10/12/2015,160,EAST  125 STREET,MANHATTAN,10035,LEXINGTON AVENUE / 3 AVENUE,Paint Gray ; Powerwash; ,111,11,25,8,False,1001718,232141,Yes,No,No,False,-73.9369042212,40.8038320327,1.09953253041,13
263,G138482,10/12/2015,163-33,JAMAICA AVENUE,QUEENS,11432,163 STREET / 164 STREET,,412,12,103,24,False,1040741,196269,Yes,No,No,False,-73.7962518146,40.7052094631,1.08122419324,9
264,G138483,10/12/2015,1401,FERRIS PLACE,BRONX,10461,BUTLER PLACE / WESTCHESTER AVENUE,Powerwash; ,210,10,45,13,False,1028174,244915,No,No,No,False,-73.8412596169,40.8388010841,1.08521873954,20
265,G138485,10/12/2015,500,COLUMBUS AVENUE,MANHATTAN,10024,WEST   84 STREET / WEST   85 STREET,Paint White Paint and powerwash; Powerwash; ,107,7,20,6,False,991643,225456,Yes,No,No,False,-73.9733032625,40.7854976928,0.896809306142,13
266,G138486,10/12/2015,500,COLUMBUS AVENUE,MANHATTAN,10024,WEST   84 STREET / WEST   85 STREET,Paint White Paint and powerwash; Powerwash; ,107,7,20,6,False,991643,225456,Yes,No,No,False,-73.9733032625,40.7854976928,0.896809306142,13
267,G138492,10/12/2015,153-01,JAMAICA AVENUE,QUEENS,11432,153 STREET / GRACE CEMETERY BOUNDARY,Paint Brick-Red ; ,412,12,103,24,False,1039089,195487,No,No,No,False,-73.8022164919,40.7030734549,1.08122419324,9
268,G138493,10/12/2015,94-36,MERRICK BOULEVARD,QUEENS,11433,DOUGLAS AVENUE / LIBERTY AVENUE,,412,12,103,27,False,1041914,195428,No,No,No,False,-73.7920283292,40.7028935558,1.06857479666,9
269,G138494,10/12/2015,94-07,MERRICK BOULEVARD,QUEENS,11433,LONG ISLAND RAILROAD / DOUGLAS AVENUE,Powerwash; ,412,12,103,27,False,1041936,195760,No,No,No,False,-73.7919461401,40.7038046719,1.06857479666,9
270,G138495,10/12/2015,94-05,165 STREET,QUEENS,11433,CLAYTON ROAD / LIBERTY AVENUE,Paint No preference closest match to existing color; ,412,12,103,27,False,1041716,195526,No,No,No,False,-73.7927415994,40.7031638302,1.06857479666,9
271,G138500,10/13/2015,3549,BROADWAY,MANHATTAN,10031,WEST  145 STREET / WEST  146 STREET,Paint Gray ; ,109,9,30,7,False,997882,240531,Yes,No,No,False,-73.9507431081,40.8268669822,0.941747951917,17
272,G138501,10/13/2015,3551,BROADWAY,MANHATTAN,10031,WEST  145 STREET / WEST  146 STREET,Paint Gray ; ,109,9,30,7,False,997955,240608,Yes,No,No,False,-73.9504791779,40.8270782122,0.941747951917,17
273,G138503,10/13/2015,3546,BROADWAY,MANHATTAN,10031,WEST  145 STREET / WEST  146 STREET,,109,9,30,7,False,998129,240392,Yes,No,No,False,-73.9498509037,40.8264850822,0.941747951917,17
274,G138504,10/13/2015,6,EDGECOMBE AVENUE,MANHATTAN,10030,WEST  135 STREET / WEST  136 STREET,,110,10,32,9,True,998877,237020,No,No,No,False,-73.9471555005,40.8172286903,0.892814759851,13
275,G138509,10/13/2015,4709,WHITE PLAINS ROAD,BRONX,10470,CRANFORD AVENUE / ST OUEN STREET,None Specified; ,212,12,47,11,False,1025561,268617,Yes,No,No,False,-73.8505567878,40.9038683273,0.877502332402,22
276,G138512,10/13/2015,4712A,WHITE PLAINS ROAD,BRONX,10470,CRANFORD AVENUE / ST OUEN STREET,,212,12,47,11,False,1025835,268572,Yes,No,No,False,-73.8495658699,40.9037435297,0.877502332402,22
277,G138519,10/13/2015,3394,JEROME AVENUE,BRONX,10467,EAST MOSHOLU PARKWAY NORTH / EAST  208 STREET,,207,7,52,11,False,1016490,260048,No,No,No,False,-73.8834124905,40.880386969,1.25332256262,14
278,G138520,10/13/2015,3409,JEROME AVENUE,BRONX,10467,EAST  208 STREET / EAST GUN HILL ROAD,Powerwash; ,207,7,52,11,False,1016387,260224,Yes,No,No,False,-73.8837841182,40.8808704095,1.25332256262,14
279,G138521,10/13/2015,22,EAST  170 STREET,BRONX,10452,JEROME AVENUE / TOWNSEND AVENUE,,204,4,44,14,False,1007027,245198,Yes,No,No,False,-73.9176833892,40.8396576989,1.05193085378,17
280,G138522,10/13/2015,10,EAST BURNSIDE AVENUE,BRONX,10453,JEROME AVENUE / WALTON AVENUE,,205,5,46,16,False,1009955,250201,Yes,No,No,False,-73.907082357,40.8533814167,1.09820101498,5
281,G138524,10/13/2015,3411,JEROME AVENUE,BRONX,10467,EAST  208 STREET / EAST GUN HILL ROAD,Paint Brick-Red ; ,207,7,52,11,False,1016416,260275,Yes,No,No,False,-73.8836790018,40.8810102829,1.25332256262,14
282,G138525,10/13/2015,3413,JEROME AVENUE,BRONX,10467,EAST  208 STREET / EAST GUN HILL ROAD,Powerwash; ,207,7,52,11,False,1016457,260322,Yes,No,No,False,-73.8835305088,40.8811391336,1.25332256262,14
283,G138527,10/13/2015,240,EAST  123 STREET,MANHATTAN,10035,3 AVENUE / 2 AVENUE,,111,11,25,8,True,1002143,231303,No,No,No,False,-73.9353713218,40.8015311027,1.09953253041,13
284,G138529,10/13/2015,3929,BROADWAY,MANHATTAN,10032,WEST  164 STREET / WEST  165 STREET,,112,12,33,10,False,1000323,244884,No,No,No,False,-73.9419125459,40.838810607,0.967712502808,17
285,G138536,10/13/2015,851,GRAND CONCOURSE,BRONX,10451,EAST  158 STREET / EAST  159 STREET,,204,4,44,8,True,1005339,240326,No,No,No,True,-73.9237991742,40.8262896589,1.10818738071,17
286,G138537,10/13/2015,100,CENTRE STREET,MANHATTAN,10013,HOGAN PLACE / WHITE STREET,,101,1,5,1,True,984031,200161,No,No,No,False,-74.0007900034,40.7160724018,1.04127873033,6
287,G138544,10/13/2015,3901,BROADWAY,MANHATTAN,10032,WEST  163 STREET / WEST  164 STREET,Paint No preference ; ,112,12,33,10,False,1000180,244652,Yes,No,No,False,-73.9424298955,40.8381740936,0.967712502808,17
288,G138547,10/13/2015,3885B,BROADWAY,MANHATTAN,10032,WEST  162 STREET / WEST  163 STREET,,112,12,33,10,False,1000105,244479,Yes,No,No,False,-73.9427013501,40.8376993939,0.967712502808,17
289,G138548,10/13/2015,603,WEST  161 STREET,MANHATTAN,10032,BROADWAY / FT WASHINGTON AVENUE,,112,12,33,10,False,999942,244190,Yes,No,No,False,-73.9432910945,40.836906464,0.967712502808,17
290,G138553,10/13/2015,4156,BROADWAY,MANHATTAN,10033,WEST  175 STREET / WEST  176 STREET,,112,12,33,10,False,1001441,247660,No,No,No,False,-73.9378650046,40.8464278078,0.944743861635,17
291,G138554,10/13/2015,4156,BROADWAY,MANHATTAN,10033,WEST  175 STREET / WEST  176 STREET,,112,12,33,10,False,1001441,247660,Yes,No,No,False,-73.9378650046,40.8464278078,0.944743861635,17
292,G138556,10/13/2015,464,FT WASHINGTON AVENUE,MANHATTAN,10033,WEST  180 STREET / WEST  181 STREET,Powerwash; ,112,12,34,7,False,1001390,249140,Yes,No,No,False,-73.9380455551,40.8504900691,0.944743861635,17
293,G138557,10/13/2015,621,WEST  181 STREET,MANHATTAN,10033,ST NICHOLAS AVENUE / WADSWORTH AVENUE,,112,12,34,10,False,1002374,248933,Yes,No,No,False,-73.934489338,40.8499199506,0.944743861635,17
294,G138558,10/13/2015,144,DYCKMAN STREET,MANHATTAN,10040,POST AVENUE / SHERMAN AVENUE,,112,12,34,10,False,1004736,253641,Yes,No,No,False,-73.925937314,40.8628368342,0.838222627207,17
295,G138559,10/13/2015,101,EAST  170 STREET,BRONX,10452,WALTON AVENUE / WYTHE PLACE,,204,4,44,14,False,1007617,245201,Yes,No,No,False,-73.9155511062,40.8396643915,1.05193085378,17
296,G138563,10/13/2015,845,WHITE PLAINS ROAD,BRONX,10473,TURNBULL AVENUE / STORY AVENUE,,209,9,43,18,False,1023259,239168,Yes,No,No,False,-73.8590557059,40.8230503173,0.970042654811,20
297,G138565,10/13/2015,104,EAST   25 STREET,MANHATTAN,10010,PARK AVENUE SOUTH / LEXINGTON AVENUE,,105,5,13,2,False,988421,209241,No,Yes,No,False,-73.9849482333,40.7409938047,1.04760342863,6
298,G138566,10/13/2015,1565,THIERIOT AVENUE,BRONX,10460,GUERLAIN STREET / EAST TREMONT AVENUE,,209,9,43,18,False,1021253,245270,No,No,No,False,-73.8662699597,40.8398071667,1.12250117159,20
299,G138569,10/13/2015,106-01,101 AVENUE,QUEENS,11416,106 STREET / 106 STREET,Paint No preference ; ,409,9,102,28,False,1029396,189620,No,No,No,False,-73.837214706,40.6870246905,0.928432797613,4
300,G138570,10/13/2015,105-17,101 AVENUE,QUEENS,11416,105 STREET / 106 STREET,Paint White POWERWASH OR PAINT  WHATEVER IS BEST; Powerwash; ,409,9,102,28,False,1029271,189574,No,No,No,False,-73.8376657314,40.686899068,0.928432797613,4
301,G138571,10/13/2015,19-03,75 STREET,QUEENS,11370,HAZEN STREET / 20 AVENUE,,401,1,114,22,False,1013429,220520,No,No,No,False,-73.8946536893,40.7719046098,0.918779310743,2
302,G138578,10/13/2015,508,VANDERBILT STREET,BROOKLYN,11218,18 STREET / PROSPECT AVENUE,Paint Other YELLOW; ,307,7,72,39,False,990702,177224,No,No,No,False,-73.9767475245,40.6531132298,1.14080950875,0
303,G138582,10/13/2015,1896,3 AVENUE,MANHATTAN,10029,EAST  104 STREET / EAST  105 STREET,Paint Brick-Red ; ,111,11,23,8,False,999312,227421,No,No,No,False,-73.9456054653,40.7908813477,1.1318217796,13
304,G138583,10/13/2015,2214,59 STREET,BROOKLYN,11204,BAY PARKWAY / 23 AVENUE,Paint Other MAUVE; ,312,12,66,44,False,990526,163968,No,No,No,False,-73.9773941427,40.6167284553,1.13448481046,3
305,G138585,10/13/2015,93-35,ELDERT LANE,QUEENS,11421,93 AVENUE / ATLANTIC AVENUE,None Specified; ,305,9,102,32,False,1021397,188306,Yes,No,No,False,-73.8660643133,40.6834552511,0.940749315344,4
306,G138589,10/13/2015,21,ROBIN ROAD,STATEN ISLAND,10305,FR CAPODANNO BOULEVARD / OCEAN AVENUE,Paint Gray OR SILVER; Powerwash; ,502,2,122,50,False,966734,156370,Yes,No,No,False,-74.0630720947,40.5958584121,1.00266478285,29
307,G138590,10/13/2015,526,DAHILL ROAD,BROOKLYN,11218,40 STREET / 41 STREET,Powerwash; ,312,12,66,39,False,990009,170523,No,No,No,False,-73.9792507596,40.6347209055,1.14080950875,0
308,G138592,10/13/2015,530,WEST  143 STREET,MANHATTAN,10031,HAMILTON PLACE / BROADWAY,Powerwash; ,109,9,30,7,False,997890,239705,No,No,No,False,-73.9507158807,40.8245998352,0.941747951917,17
309,G138593,10/13/2015,22-61,42 STREET,QUEENS,11105,DITMARS BOULEVARD / 23 AVENUE,,401,1,114,22,False,1010287,219955,No,No,Yes,False,-73.9059995788,40.770363646,0.872842028396,2
310,G138594,10/13/2015,200,CANAL STREET,MANHATTAN,10013,MOTT STREET / MULBERRY STREET,,103,3,5,1,False,984690,200406,No,No,No,False,-73.9984127624,40.7167448599,1.04127873033,6
311,G138598,10/13/2015,29,CLINTON STREET,MANHATTAN,10002,AVENUE B / STANTON STREET,,103,3,7,1,False,988542,201747,Yes,No,No,False,-73.9845163643,40.7204245523,1.19906330883,6
312,G138599,10/13/2015,91,CLINTON STREET,MANHATTAN,10002,RIVINGTON STREET / DELANCEY STREET,Paint Gray ; ,103,3,7,1,False,988249,201111,Yes,No,No,False,-73.9855737564,40.7186790228,1.19906330883,6
313,G138600,10/13/2015,97,CLINTON STREET,MANHATTAN,10002,RIVINGTON STREET / DELANCEY STREET,Paint Black ; ,103,3,7,1,False,988221,201040,Yes,No,No,False,-73.9856748072,40.7184841574,1.19906330883,6
314,G138602,10/13/2015,38,LUDLOW STREET,MANHATTAN,10002,HESTER STREET / GRAND STREET,Paint Gray ; ,103,3,7,1,False,986980,200163,Yes,No,No,False,-73.9901520111,40.7160774728,1.19906330883,6
315,G138604,10/13/2015,303,EAST HOUSTON STREET,MANHATTAN,10002,AVENUE B / ATTORNEY STREET,Paint No preference ; ,103,3,7,1,False,988776,202009,No,No,No,False,-73.9836720197,40.7211435625,1.19906330883,6
316,G138605,10/13/2015,3,WHITE STREET,MANHATTAN,10013,WEST BROADWAY / AVENUE OF THE AMERICAS,Paint No preference ; Powerwash; ,101,1,1,1,False,982597,201262,No,Yes,No,False,-74.0059631731,40.7190942308,1.04127873033,6
317,G138609,10/13/2015,92,JEFFERSON STREET,BROOKLYN,11206,STANWIX STREET / EVERGREEN AVENUE,,304,4,83,34,False,1003197,194022,No,No,No,False,-73.9316693647,40.6992020174,1.36050955476,28
318,G138615,10/13/2015,478,HALSEY STREET,BROOKLYN,11233,LEWIS AVENUE / STUYVESANT AVENUE,Paint Gray GRAFFITI ON LEWIS AVE & HALSEY ST SIDES; ,303,3,81,36,False,1002287,188244,No,No,No,False,-73.9349666661,40.683344646,1.4260866897,28
319,G138618,10/13/2015,27-14,21 AVENUE,QUEENS,11105,27 STREET / 28 STREET,Paint No preference White; ,401,1,114,22,False,1008993,223164,Yes,No,No,False,-73.9106594401,40.7791752212,0.872842028396,2
320,G138622,10/14/2015,241,EAST  149 STREET,BRONX,10451,PARK AVENUE / MORRIS AVENUE,,201,1,40,17,False,1005336,237336,Yes,No,No,False,-73.9238194098,40.8180829651,1.10818738071,17
321,G138624,10/14/2015,2185,WHITE PLAINS ROAD,BRONX,10462,LYDIG AVENUE / PELHAM PARKWAY,Paint Other beige; ,211,11,49,13,False,1020767,251294,Yes,No,No,False,-73.8679935686,40.8563432741,1.0179772103,20
322,G138625,10/14/2015,1764,UNIVERSITY AVENUE,BRONX,10453,WEST  176 STREET / MACOMBS ROAD,None Specified; ,205,5,46,16,False,1007347,248700,Yes,No,No,False,-73.9165148402,40.8492688264,1.09820101498,17
323,G138635,10/14/2015,339,MORRIS AVENUE,BRONX,10451,EAST  140 STREET / EAST  142 STREET,,201,1,40,8,True,1004743,235730,Yes,No,No,False,-73.9259667336,40.8136763421,1.10818738071,17
324,G138636,10/14/2015,2122,WHITE PLAINS ROAD,BRONX,10462,MARAN PLACE / LYDIG AVENUE,None Specified; ,211,11,49,13,False,1020944,250469,Yes,No,No,False,-73.8673582427,40.854078164,1.0179772103,20
325,G138637,10/14/2015,2122,WHITE PLAINS ROAD,BRONX,10462,MARAN PLACE / LYDIG AVENUE,None Specified; ,211,11,49,13,False,1020944,250469,No,No,No,False,-73.8673582427,40.854078164,1.0179772103,20
326,G138638,10/14/2015,1000,EAST TREMONT AVENUE,BRONX,10460,VYSE AVENUE / BRYANT AVENUE,,206,6,48,15,True,1016753,245495,Yes,No,No,False,-73.8825319941,40.840442435,1.12250117159,20
327,G138640,10/14/2015,114,EAST  184 STREET,BRONX,10468,MORRIS AVENUE / CRESTON AVENUE,,205,5,46,14,True,1011755,252486,No,No,No,False,-73.900566402,40.8596476304,1.16277951335,5
328,G138641,10/14/2015,1010,REV JAMES A POLITE AVENUE,BRONX,10459,EAST  164 STREET / EAST  165 STREET,,202,2,41,17,True,1012381,239180,No,No,No,False,-73.8983591597,40.8231245957,1.07456661609,17
329,G138658,10/14/2015,50,BELMONT AVENUE,BROOKLYN,11212,OSBORN STREET / WATKINS STREET,Powerwash; ,316,16,73,41,False,1009683,182851,No,No,No,False,-73.9083203741,40.6685239237,1.48700352064,18
330,G138659,10/14/2015,1061,ATLANTIC AVENUE,BROOKLYN,11238,CLASSON AVENUE / NYCTA SUBWAY,Powerwash; ,303,3,79,36,False,996368,186920,No,Yes,No,False,-73.9563103024,40.6797206498,1.14979723791,21
331,G138660,10/14/2015,2545,VALENTINE AVENUE,BRONX,10458,EAST FORDHAM ROAD / EAST  192 STREET,Powerwash; ,207,7,52,15,False,1013258,253984,No,No,No,False,-73.8951264134,40.8637543752,1.1428067819,5
332,G138661,10/14/2015,45-12,104 STREET,QUEENS,11368,45 AVENUE / 46 AVENUE,,404,4,110,25,False,1022990,211298,Yes,No,No,False,-73.8601883551,40.7465558827,1.17143436365,25
333,G138662,10/14/2015,45-03,40 STREET,QUEENS,11104,QUEENS BOULEVARD / 47 AVENUE,Powerwash; ,402,2,108,26,False,1005293,210117,Yes,No,No,False,-73.9240600139,40.7433741541,0.880165363263,2
334,G138666,10/14/2015,604,ROGERS AVENUE,BROOKLYN,11225,HAWTHORNE STREET / WINTHROP STREET,"Paint Brick-Red Gray is to be used on shutters, which currently have graffiti.; ",309,9,71,40,False,997165,178649,Yes,No,No,False,-73.9534526803,40.6570174752,1.14680132819,0
335,G138667,10/14/2015,387,EAST FORDHAM ROAD,BRONX,10458,DECATUR AVENUE / WEBSTER AVENUE,,207,7,52,15,False,1014307,253369,Yes,No,No,False,-73.8913366908,40.8620628779,1.1428067819,5
